FEES_category,Mean_FEES,Count
High,2775795.8958450705,142
Low,532146.7060736197,163
Medium,1418916.716196319,163
